{
  "Author": "veyn",
  "Name": "Boss Mod",
  "InternalName": "BossMod",
  "AssemblyVersion": "0.0.0.946",
  "Description": "CN6.45",
  "ApplicableVersion": "any",
  "RepoUrl": "https://github.com/awgil/ffxiv_bossmod",
  "DalamudApiLevel": 8,
  "LoadRequiredState": 0,
  "LoadSync": false,
  "LoadPriority": 0,
  "ImageUrls": [
    "https://raw.githubusercontent.com/awgil/ffxiv_bossmod/master/Data/image1.png",
    "https://raw.githubusercontent.com/awgil/ffxiv_bossmod/master/Data/image2.png",
    "https://raw.githubusercontent.com/awgil/ffxiv_bossmod/master/Data/image3.png"
  ],
  "IconUrl": "https://raw.githubusercontent.com/awgil/ffxiv_bossmod/f4efcb5dc279d21ee16185d5a9f2d09a3a2bc58b/Data/icon.png",
  "Punchline": "Don't fail at raid mechanics anymore",
  "AcceptsFeedback": true
}